{
    "accuracy": 0.3173,
    "precision_weighted": 0.4078,
    "recall_weighted": 0.3173,
    "f1_score_weighted": 0.3131,
    "confusion_matrix": {
        "High": {
            "High": 402,
            "Low": 140,
            "Medium": 118
        },
        "Low": {
            "High": 593,
            "Low": 418,
            "Medium": 234
        },
        "Medium": {
            "High": 887,
            "Low": 554,
            "Medium": 354
        }
    },
    "per_class_metrics": {
        "High": {
            "precision": 0.2136,
            "recall": 0.6091,
            "f1_score": 0.3163,
            "support": 660
        },
        "Low": {
            "precision": 0.3759,
            "recall": 0.3357,
            "f1_score": 0.3547,
            "support": 1245
        },
        "Medium": {
            "precision": 0.5014,
            "recall": 0.1972,
            "f1_score": 0.2831,
            "support": 1795
        }
    },
    "feature_importance": {
        "Days for shipment (scheduled)": 0.30108280042320196,
        "Sales": 0.26936517824439477,
        "Product Price": 0.2614885702643248,
        "Category Name": 0.052572895988872125,
        "Customer Segment": 0.05150848137377799,
        "Order Item Discount Rate": 0.036025204538991044,
        "Shipping Mode": 0.027956869166437276
    },
    "classes": [
        "High",
        "Low",
        "Medium"
    ],
    "train_samples": 14800,
    "test_samples": 3700,
    "model_params": {
        "max_depth": 8,
        "min_samples_split": 10,
        "min_samples_leaf": 5,
        "class_weight": "balanced"
    }
}