{
    "accuracy": 0.3149,
    "precision_weighted": 0.432,
    "recall_weighted": 0.3149,
    "f1_score_weighted": 0.2734,
    "confusion_matrix": {
        "High": {
            "High": 382,
            "Low": 219,
            "Medium": 60
        },
        "Low": {
            "High": 558,
            "Low": 640,
            "Medium": 61
        },
        "Medium": {
            "High": 867,
            "Low": 770,
            "Medium": 143
        }
    },
    "per_class_metrics": {
        "High": {
            "precision": 0.2114,
            "recall": 0.5779,
            "f1_score": 0.3096,
            "support": 661
        },
        "Low": {
            "precision": 0.3929,
            "recall": 0.5083,
            "f1_score": 0.4432,
            "support": 1259
        },
        "Medium": {
            "precision": 0.5417,
            "recall": 0.0803,
            "f1_score": 0.1399,
            "support": 1780
        }
    },
    "feature_importance": {
        "Days for shipment (scheduled)": 0.31859245584082574,
        "Sales": 0.2487304488034552,
        "Product Price": 0.24739179342665993,
        "Category Name": 0.054029927171137054,
        "Order Item Discount Rate": 0.052754332184228724,
        "Shipping Mode": 0.04236104185456965,
        "Customer Segment": 0.036140000719123724
    },
    "classes": [
        "High",
        "Low",
        "Medium"
    ],
    "train_samples": 14800,
    "test_samples": 3700,
    "model_params": {
        "max_depth": 8,
        "min_samples_split": 10,
        "min_samples_leaf": 5,
        "class_weight": "balanced"
    }
}